path,role,size_bytes,sha256
3f23c026.csv,provider_csv,8142,6c773c5e17d79f6e39ae926ff139a4857b32f359171c1f7ba4f1202c85498270
3f23c026.kml,provider_kml,178873,7eb98dd8a086f20cfed26b37108bfa0893ab5f273e82b143160da7b5c68c1023
3f2433d9.csv,provider_csv,75532,f014e00e1ff1bf449e071de1f58d6d27e35d0722632ef918a04585c34bd51f86
3f2433d9.kml,provider_kml,1633359,db98802ebf9f93a95541940520fb24a75f72092e78764f6906c5807450e8aff6
3f24af98.csv,provider_csv,53807,6cc4a3d3cf63e1e7a62251b767e71c11f6d3bb7e3891d2255b410ef359620245
3f24af98.kml,provider_kml,1169540,17f05d19428f3ef61f97031626b31e562ebc3d66c34d6f9a7c7c64c88a6992ee
3f288bae.csv,provider_csv,94947,dc3f25f9b6ef0d7827c17d2e2b64fbe1ff9f68d38cf008f8f1412b192bac72d1
3f288bae.kml,provider_kml,2037942,c8e89276ad7e79f6dd56ad4bee9a3ca7347106f4699d7d0b533cb16c9077a898
3f294dbe.csv,provider_csv,22087,b3b2dc727330c52dd160a5643d48e200d342f27640ba2430fa7ac3dd9698ab15
3f294dbe.kml,provider_kml,480574,7b41c2fbd181b2202600164b135c38a54101f4da4cd2b3473d74e579c17df2d8
3f295b53.csv,provider_csv,4003,f41d13a916f4fddb139b9f4c2b6630ad42bda9023697f58efad393df6d8e1542
3f295b53.kml,provider_kml,90707,3092bfaceb4ca495bfc7dfc489083d1a1c0cd7845b8c341553b1ff41677b1711
3f2ce342.csv,provider_csv,19195,17e202a576558f73b564a4815684fa0df24841d741867c2a3e504a755c0cd30b
3f2ce342.kml,provider_kml,413491,1ed2057ab7e72a754d37da6fae6919f682cc9c1e4bf0ec6cf3da852fe9c404d3
3f2cfa59.csv,provider_csv,4962,d8a954d78c9427c735a518a37c2f919097adfeacee0829a2a0d7bf0a67dfcf66
3f2cfa59.kml,provider_kml,108395,6b75cc4f075359dd0f61bc39ca6ed14d0b4360bfc998ea8cbfd7c2b448ce7f80
3f2dbe66.csv,provider_csv,41830,39f0fa8d6c79c249662facb001651eacd8fc34959e9649dae392da4e327d41cc
3f2dbe66.kml,provider_kml,905024,0b3764488a750f2a66e143470cbcb33d4b0d6f3b0fd637abc43a5c8cff756054
3f2e2f18.csv,provider_csv,32334,a64dfbc478dd1a3e95009c7384cfe7f599253e65b8716f05dc70ef6f8d78b84e
3f2e2f18.kml,provider_kml,700320,562418703db62f06fcce0c0202a1d1ec70a6ec1a25373f3187237a98bfde3bdf
3f30508a.csv,provider_csv,43225,23a7e9b701fdff374b87ef5ffac1fcf54d24625fbb1a88cd2a8b3ab3d02507ed
3f30508a.kml,provider_kml,923355,446ded995546f7480b33e4db55f51bace3c0fe9d7bdb72ffc5674b49ab8dd494
3f308134.csv,provider_csv,33372,01e98c22ddbde174f494421c7dfcd7c9f1007ddbd4a05eb4f48cd1d44940065a
3f308134.kml,provider_kml,715220,38840b98e1d19e59086bca280d53c49acbb8063c12ef83255dffbae1fbb35ee2
3f30e60d.csv,provider_csv,28229,9d5e70d5daee02abf3105f0828e6c498d62c22ec0cbdd4e687090a1284f41209
3f30e60d.kml,provider_kml,610464,1703af5cb4c1a46adb5ed041f0a66d035a2ca7ed6aba782d460e9b4bee7799f7
3f31245b.csv,provider_csv,102413,09e51b4a9b66b42937ffec3697ed535a0f71c03c9d2ff382bf595f8c70122e79
3f31245b.kml,provider_kml,2190346,72c3a0f63b938b8e3b0f436d880c7acc076931083fc5ae3e227a23393e39bc6b
3f485dbf.csv,provider_csv,41327,1ce08407040e7e2bde0ca4e39ca1feca65d68fcd53b82732485c71eec0d67ac4
3f485dbf.kml,provider_kml,881864,39be9dbe57bde20fefc1d72b2834bdcdd23a97f3c34a7f284bc4999244157984
3f48c03c.csv,provider_csv,29554,568585a39317eb07d7e8198bce5cd585211249a49051885e539026f338b633e7
3f48c03c.kml,provider_kml,641210,4512d97b0881c415e0f568fd5d760e52dc90115e96ed3810bc9846a9821e041c
3f48e1f4.csv,provider_csv,26177,f1a8763a07bf7170996a7775b7dba63ae4221084daecf2d3d766e02ac80bfb80
3f48e1f4.kml,provider_kml,566029,461f9c149d63289631d66f48086678d38b076825fed8706c92bb3e51187ef5bd
3f4973fd.csv,provider_csv,6453,76ed9d93475ba73f7037e6a959769753b1881b02298e4d139d640efac4df939a
3f4973fd.kml,provider_kml,142527,c572da70358f634c075969fea37625266ebc93d116f0709602a03925b6f8b383
3f4989bd.csv,provider_csv,32177,29b69a5cccab4a65ab150de42860f8c8ec04864e3181a9d5f7633a775261dbc8
3f4989bd.kml,provider_kml,695884,a2f95da96f454e31e405ebd1b474d5d7651c43ed391686d7712ea76349930159
3f4bad76.csv,provider_csv,29735,9b2ab50d6ebf09ad7ed159e0f228343a807f964846d1520e2040c9bdfec0bdcd
3f4bad76.kml,provider_kml,643742,01028029ac38fd0b2fc87ecc25c465c4be1018704ee8a1721bddb8e892c9b1b1
3f4bc689.csv,provider_csv,53914,56a3fb3670f382aa24f2a385024652df493777dea5d1ff1b1513925d21915ab4
3f4bc689.kml,provider_kml,1153100,e7c10f40606a27ef5922ac099ff3df811a3bd1f8b2bea15fe50bfb2ba54f0853
3f4bf7f8.csv,provider_csv,22023,65bbc9c2f62aa93bd1606f6ee4e3f86789821447e8c443b39123dae3e05d7958
3f4bf7f8.kml,provider_kml,479093,8ff474937512c7aacffa6d7a3b4296d7d31efa8fbc92f440da8225cb6555cd27
3f703f51.csv,provider_csv,34260,a2d48b6bb3bb0a5b9c023a72eefead51ee0e03b285be0aa5958212db389748f5
3f703f51.kml,provider_kml,736715,b92de68dfb1bc383e49ea3f22ec30f009b45567e4479fd613fbfb9ccdcadab99
3f70e1c3.csv,provider_csv,70215,e1b69acc8ff9e33c7ce11d203fa3dc967a28a2276d068a77163c5386444d18b4
3f70e1c3.kml,provider_kml,1499822,974814b12257f85321b90bd4b7a82a919c2d50eaad55515b70d471f3229f713c
40fdf3f5.csv,provider_csv,6305,cb6a4fb196f9bd3ff5ac0b3516f637732c952ff715acf0cbaf74b149c0372adc
40fdf3f5.kml,provider_kml,137320,0a585b0e608725f6d487c368922f0d412ee269fc89bd501b55769d402480bcad
