binding_id,canonical_skill_id,direction,ontology_object_type,object_subtype,object_term_status,object_owner,required_or_conditional,allowed_visibility_classes,allowed_evidence_tiers,handoff_requirement,mission_or_intent_inference_authorized,notes
BIND-001,corrim-aasb-spatial-bridge,INPUT,FINDING,FPIM_ROUTE_GEOMETRY_FINDING,SKILL_GOVERNANCE_SUBTYPE,DECLARED_SOURCE_OWNER,REQUIRED_OR_TASK_SCOPED,V0;V1;V2;V3;V4_AS_DECLARED_BY_SOURCE_AND_METHOD,T1;T2;T3;T4_AS_DECLARED_BY_SOURCE,OWNER_HANDOFF_REQUIRED_WHEN_SOURCE_OWNER_DIFFERS,false,Subtype is a skill-governance binding label and does not extend ontology v2.0.
BIND-002,corrim-aasb-spatial-bridge,INPUT,SOURCE_ARTIFACT,ASSET_REGISTRY_REFERENCE,SKILL_GOVERNANCE_SUBTYPE,DECLARED_SOURCE_OWNER,REQUIRED_OR_TASK_SCOPED,V0;V1;V2;V3;V4_AS_DECLARED_BY_SOURCE_AND_METHOD,T1;T2;T3;T4_AS_DECLARED_BY_SOURCE,OWNER_HANDOFF_REQUIRED_WHEN_SOURCE_OWNER_DIFFERS,false,Subtype is a skill-governance binding label and does not extend ontology v2.0.
BIND-003,corrim-aasb-spatial-bridge,INPUT,MEASUREMENT,SPATIAL_DISTANCE_MEASUREMENT,SKILL_GOVERNANCE_SUBTYPE,DECLARED_SOURCE_OWNER,REQUIRED_OR_TASK_SCOPED,V0;V1;V2;V3;V4_AS_DECLARED_BY_SOURCE_AND_METHOD,T1;T2;T3;T4_AS_DECLARED_BY_SOURCE,OWNER_HANDOFF_REQUIRED_WHEN_SOURCE_OWNER_DIFFERS,false,Subtype is a skill-governance binding label and does not extend ontology v2.0.
BIND-004,corrim-aasb-spatial-bridge,OUTPUT,ASSOCIATION,AIRSPACE_ASSET_SPATIAL_ASSOCIATION,SKILL_GOVERNANCE_SUBTYPE,CORRIM_ADAPTER,REQUIRED_OR_TASK_SCOPED,V0;V1;V2;V3;V4_AS_DECLARED_BY_SOURCE_AND_METHOD,T1;T2;T3;T4_AS_DECLARED_BY_SOURCE,HANDOFF_REQUIRED_BEFORE_ANOTHER_OWNER_INTERPRETS,false,Subtype is a skill-governance binding label and does not extend ontology v2.0.
BIND-005,corrim-aasb-spatial-bridge,OUTPUT,SOURCE_ARTIFACT,AASB_EXPORT_RECORD,SKILL_GOVERNANCE_SUBTYPE,CORRIM_ADAPTER,REQUIRED_OR_TASK_SCOPED,V0;V1;V2;V3;V4_AS_DECLARED_BY_SOURCE_AND_METHOD,T1;T2;T3;T4_AS_DECLARED_BY_SOURCE,HANDOFF_REQUIRED_BEFORE_ANOTHER_OWNER_INTERPRETS,false,Subtype is a skill-governance binding label and does not extend ontology v2.0.
BIND-006,fpim-aircraft-profile-brief,INPUT,OBSERVATION,AIRCRAFT_IDENTITY_OBSERVATION,SKILL_GOVERNANCE_SUBTYPE,DECLARED_SOURCE_OWNER,REQUIRED_OR_TASK_SCOPED,V0;V1;V2;V3;V4_AS_DECLARED_BY_SOURCE_AND_METHOD,T1;T2;T3;T4_AS_DECLARED_BY_SOURCE,OWNER_HANDOFF_REQUIRED_WHEN_SOURCE_OWNER_DIFFERS,false,Subtype is a skill-governance binding label and does not extend ontology v2.0.
BIND-007,fpim-aircraft-profile-brief,INPUT,MEASUREMENT,ROUTE_RECURRENCE_MEASUREMENT,SKILL_GOVERNANCE_SUBTYPE,DECLARED_SOURCE_OWNER,REQUIRED_OR_TASK_SCOPED,V0;V1;V2;V3;V4_AS_DECLARED_BY_SOURCE_AND_METHOD,T1;T2;T3;T4_AS_DECLARED_BY_SOURCE,OWNER_HANDOFF_REQUIRED_WHEN_SOURCE_OWNER_DIFFERS,false,Subtype is a skill-governance binding label and does not extend ontology v2.0.
BIND-008,fpim-aircraft-profile-brief,INPUT,FINDING,FPIM_ROUTE_GEOMETRY_FINDING,SKILL_GOVERNANCE_SUBTYPE,DECLARED_SOURCE_OWNER,REQUIRED_OR_TASK_SCOPED,V0;V1;V2;V3;V4_AS_DECLARED_BY_SOURCE_AND_METHOD,T1;T2;T3;T4_AS_DECLARED_BY_SOURCE,OWNER_HANDOFF_REQUIRED_WHEN_SOURCE_OWNER_DIFFERS,false,Subtype is a skill-governance binding label and does not extend ontology v2.0.
BIND-009,fpim-aircraft-profile-brief,OUTPUT,MEASUREMENT,AIRCRAFT_ACTIVITY_PROFILE_MEASUREMENT,SKILL_GOVERNANCE_SUBTYPE,FPIM,REQUIRED_OR_TASK_SCOPED,V0;V1;V2;V3;V4_AS_DECLARED_BY_SOURCE_AND_METHOD,T1;T2;T3;T4_AS_DECLARED_BY_SOURCE,HANDOFF_REQUIRED_BEFORE_ANOTHER_OWNER_INTERPRETS,false,Subtype is a skill-governance binding label and does not extend ontology v2.0.
BIND-010,fpim-aircraft-profile-brief,OUTPUT,FINDING,AIRCRAFT_ACTIVITY_PROFILE_FINDING,SKILL_GOVERNANCE_SUBTYPE,FPIM,REQUIRED_OR_TASK_SCOPED,V0;V1;V2;V3;V4_AS_DECLARED_BY_SOURCE_AND_METHOD,T1;T2;T3;T4_AS_DECLARED_BY_SOURCE,HANDOFF_REQUIRED_BEFORE_ANOTHER_OWNER_INTERPRETS,false,Subtype is a skill-governance binding label and does not extend ontology v2.0.
BIND-011,fpim-aircraft-profile-brief,OUTPUT,SOURCE_ARTIFACT,EVIDENCE_TIERED_PROFILE_BRIEF,SKILL_GOVERNANCE_SUBTYPE,FPIM,REQUIRED_OR_TASK_SCOPED,V0;V1;V2;V3;V4_AS_DECLARED_BY_SOURCE_AND_METHOD,T1;T2;T3;T4_AS_DECLARED_BY_SOURCE,HANDOFF_REQUIRED_BEFORE_ANOTHER_OWNER_INTERPRETS,false,Subtype is a skill-governance binding label and does not extend ontology v2.0.
BIND-012,core-aircraft-registry-enricher,INPUT,SOURCE_ARTIFACT,AUTHORITATIVE_AIRCRAFT_REGISTRY_RECORD,SKILL_GOVERNANCE_SUBTYPE,DECLARED_SOURCE_OWNER,REQUIRED_OR_TASK_SCOPED,V0;V1;V2;V3;V4_AS_DECLARED_BY_SOURCE_AND_METHOD,T1;T2;T3;T4_AS_DECLARED_BY_SOURCE,OWNER_HANDOFF_REQUIRED_WHEN_SOURCE_OWNER_DIFFERS,false,Subtype is a skill-governance binding label and does not extend ontology v2.0.
BIND-013,core-aircraft-registry-enricher,OUTPUT,OBSERVATION,AIRCRAFT_IDENTITY_OBSERVATION,SKILL_GOVERNANCE_SUBTYPE,CORE,REQUIRED_OR_TASK_SCOPED,V0;V1;V2;V3;V4_AS_DECLARED_BY_SOURCE_AND_METHOD,T1;T2;T3;T4_AS_DECLARED_BY_SOURCE,HANDOFF_REQUIRED_BEFORE_ANOTHER_OWNER_INTERPRETS,false,Subtype is a skill-governance binding label and does not extend ontology v2.0.
BIND-014,core-aircraft-registry-enricher,OUTPUT,SOURCE_ARTIFACT,NORMALIZED_AIRCRAFT_REGISTRY_RECORD,SKILL_GOVERNANCE_SUBTYPE,CORE,REQUIRED_OR_TASK_SCOPED,V0;V1;V2;V3;V4_AS_DECLARED_BY_SOURCE_AND_METHOD,T1;T2;T3;T4_AS_DECLARED_BY_SOURCE,HANDOFF_REQUIRED_BEFORE_ANOTHER_OWNER_INTERPRETS,false,Subtype is a skill-governance binding label and does not extend ontology v2.0.
BIND-015,core-airspace-export-validator,INPUT,SOURCE_ARTIFACT,EXPORT_INPUT_ARTIFACT,SKILL_GOVERNANCE_SUBTYPE,DECLARED_SOURCE_OWNER,REQUIRED_OR_TASK_SCOPED,V0;V1;V2;V3;V4_AS_DECLARED_BY_SOURCE_AND_METHOD,T1;T2;T3;T4_AS_DECLARED_BY_SOURCE,OWNER_HANDOFF_REQUIRED_WHEN_SOURCE_OWNER_DIFFERS,false,Subtype is a skill-governance binding label and does not extend ontology v2.0.
BIND-016,core-airspace-export-validator,INPUT,OBSERVATION,EXPORTABLE_OBSERVATION,SKILL_GOVERNANCE_SUBTYPE,DECLARED_SOURCE_OWNER,REQUIRED_OR_TASK_SCOPED,V0;V1;V2;V3;V4_AS_DECLARED_BY_SOURCE_AND_METHOD,T1;T2;T3;T4_AS_DECLARED_BY_SOURCE,OWNER_HANDOFF_REQUIRED_WHEN_SOURCE_OWNER_DIFFERS,false,Subtype is a skill-governance binding label and does not extend ontology v2.0.
BIND-017,core-airspace-export-validator,INPUT,MEASUREMENT,EXPORTABLE_MEASUREMENT,SKILL_GOVERNANCE_SUBTYPE,DECLARED_SOURCE_OWNER,REQUIRED_OR_TASK_SCOPED,V0;V1;V2;V3;V4_AS_DECLARED_BY_SOURCE_AND_METHOD,T1;T2;T3;T4_AS_DECLARED_BY_SOURCE,OWNER_HANDOFF_REQUIRED_WHEN_SOURCE_OWNER_DIFFERS,false,Subtype is a skill-governance binding label and does not extend ontology v2.0.
BIND-018,core-airspace-export-validator,INPUT,FINDING,EXPORTABLE_FINDING,SKILL_GOVERNANCE_SUBTYPE,DECLARED_SOURCE_OWNER,REQUIRED_OR_TASK_SCOPED,V0;V1;V2;V3;V4_AS_DECLARED_BY_SOURCE_AND_METHOD,T1;T2;T3;T4_AS_DECLARED_BY_SOURCE,OWNER_HANDOFF_REQUIRED_WHEN_SOURCE_OWNER_DIFFERS,false,Subtype is a skill-governance binding label and does not extend ontology v2.0.
BIND-019,core-airspace-export-validator,INPUT,ASSOCIATION,EXPORTABLE_ASSOCIATION,SKILL_GOVERNANCE_SUBTYPE,DECLARED_SOURCE_OWNER,REQUIRED_OR_TASK_SCOPED,V0;V1;V2;V3;V4_AS_DECLARED_BY_SOURCE_AND_METHOD,T1;T2;T3;T4_AS_DECLARED_BY_SOURCE,OWNER_HANDOFF_REQUIRED_WHEN_SOURCE_OWNER_DIFFERS,false,Subtype is a skill-governance binding label and does not extend ontology v2.0.
BIND-020,core-airspace-export-validator,OUTPUT,SOURCE_ARTIFACT,CANONICAL_AIRSPACE_EXPORT,SKILL_GOVERNANCE_SUBTYPE,CORE,REQUIRED_OR_TASK_SCOPED,V0;V1;V2;V3;V4_AS_DECLARED_BY_SOURCE_AND_METHOD,T1;T2;T3;T4_AS_DECLARED_BY_SOURCE,HANDOFF_REQUIRED_BEFORE_ANOTHER_OWNER_INTERPRETS,false,Subtype is a skill-governance binding label and does not extend ontology v2.0.
BIND-021,fpim-fr24-route-extractor,INPUT,OBSERVATION,AIRCRAFT_POSITION_OBSERVATION,SKILL_GOVERNANCE_SUBTYPE,DECLARED_SOURCE_OWNER,REQUIRED_OR_TASK_SCOPED,V0;V1;V2;V3;V4_AS_DECLARED_BY_SOURCE_AND_METHOD,T1;T2;T3;T4_AS_DECLARED_BY_SOURCE,OWNER_HANDOFF_REQUIRED_WHEN_SOURCE_OWNER_DIFFERS,false,Subtype is a skill-governance binding label and does not extend ontology v2.0.
BIND-022,fpim-fr24-route-extractor,INPUT,EXTRACTED_OBSERVABLE,SOURCE_OVERLAY_TRACK_LINE,ONTOLOGY_CANONICAL,DECLARED_SOURCE_OWNER,REQUIRED_OR_TASK_SCOPED,V0;V1;V2;V3;V4_AS_DECLARED_BY_SOURCE_AND_METHOD,T1;T2;T3;T4_AS_DECLARED_BY_SOURCE,OWNER_HANDOFF_REQUIRED_WHEN_SOURCE_OWNER_DIFFERS,false,
BIND-023,fpim-fr24-route-extractor,OUTPUT,MEASUREMENT,TRACK_GEOMETRY_MEASUREMENT,SKILL_GOVERNANCE_SUBTYPE,FPIM,REQUIRED_OR_TASK_SCOPED,V0;V1;V2;V3;V4_AS_DECLARED_BY_SOURCE_AND_METHOD,T1;T2;T3;T4_AS_DECLARED_BY_SOURCE,HANDOFF_REQUIRED_BEFORE_ANOTHER_OWNER_INTERPRETS,false,Subtype is a skill-governance binding label and does not extend ontology v2.0.
BIND-024,fpim-fr24-route-extractor,OUTPUT,FINDING,FPIM_ROUTE_GEOMETRY_FINDING,SKILL_GOVERNANCE_SUBTYPE,FPIM,REQUIRED_OR_TASK_SCOPED,V0;V1;V2;V3;V4_AS_DECLARED_BY_SOURCE_AND_METHOD,T1;T2;T3;T4_AS_DECLARED_BY_SOURCE,HANDOFF_REQUIRED_BEFORE_ANOTHER_OWNER_INTERPRETS,false,Subtype is a skill-governance binding label and does not extend ontology v2.0.
BIND-025,fpim-fr24-route-extractor,OUTPUT,FINDING,TAKEOFF_CANDIDATE,ONTOLOGY_CANONICAL,FPIM,REQUIRED_OR_TASK_SCOPED,V0;V1;V2;V3;V4_AS_DECLARED_BY_SOURCE_AND_METHOD,T1;T2;T3;T4_AS_DECLARED_BY_SOURCE,HANDOFF_REQUIRED_BEFORE_ANOTHER_OWNER_INTERPRETS,false,
BIND-026,fpim-fr24-route-extractor,OUTPUT,FINDING,LANDING_CANDIDATE,ONTOLOGY_CANONICAL,FPIM,REQUIRED_OR_TASK_SCOPED,V0;V1;V2;V3;V4_AS_DECLARED_BY_SOURCE_AND_METHOD,T1;T2;T3;T4_AS_DECLARED_BY_SOURCE,HANDOFF_REQUIRED_BEFORE_ANOTHER_OWNER_INTERPRETS,false,
BIND-027,rlsm-fr24-screenshot-inventory,INPUT,SOURCE_ARTIFACT,FR24_SCREENSHOT,SKILL_GOVERNANCE_SUBTYPE,DECLARED_SOURCE_OWNER,REQUIRED_OR_TASK_SCOPED,V0;V1;V2;V3;V4_AS_DECLARED_BY_SOURCE_AND_METHOD,T1;T2;T3;T4_AS_DECLARED_BY_SOURCE,OWNER_HANDOFF_REQUIRED_WHEN_SOURCE_OWNER_DIFFERS,false,Subtype is a skill-governance binding label and does not extend ontology v2.0.
BIND-028,rlsm-fr24-screenshot-inventory,OUTPUT,OBSERVATION,SOURCE_AVAILABILITY_OBSERVATION,SKILL_GOVERNANCE_SUBTYPE,RLSM,REQUIRED_OR_TASK_SCOPED,V0;V1;V2;V3;V4_AS_DECLARED_BY_SOURCE_AND_METHOD,T1;T2;T3;T4_AS_DECLARED_BY_SOURCE,HANDOFF_REQUIRED_BEFORE_ANOTHER_OWNER_INTERPRETS,false,Subtype is a skill-governance binding label and does not extend ontology v2.0.
BIND-029,rlsm-fr24-screenshot-inventory,OUTPUT,EXTRACTED_OBSERVABLE,SCREENSHOT_INVENTORY_RECORD,SKILL_GOVERNANCE_SUBTYPE,RLSM,REQUIRED_OR_TASK_SCOPED,V0;V1;V2;V3;V4_AS_DECLARED_BY_SOURCE_AND_METHOD,T1;T2;T3;T4_AS_DECLARED_BY_SOURCE,HANDOFF_REQUIRED_BEFORE_ANOTHER_OWNER_INTERPRETS,false,Subtype is a skill-governance binding label and does not extend ontology v2.0.
BIND-030,corrim-ilap-airspace-bridge,INPUT,FINDING,FPIM_ROUTE_GEOMETRY_FINDING,SKILL_GOVERNANCE_SUBTYPE,DECLARED_SOURCE_OWNER,REQUIRED_OR_TASK_SCOPED,V0;V1;V2;V3;V4_AS_DECLARED_BY_SOURCE_AND_METHOD,T1;T2;T3;T4_AS_DECLARED_BY_SOURCE,OWNER_HANDOFF_REQUIRED_WHEN_SOURCE_OWNER_DIFFERS,false,Subtype is a skill-governance binding label and does not extend ontology v2.0.
BIND-031,corrim-ilap-airspace-bridge,INPUT,SOURCE_ARTIFACT,INFRASTRUCTURE_REFERENCE,SKILL_GOVERNANCE_SUBTYPE,DECLARED_SOURCE_OWNER,REQUIRED_OR_TASK_SCOPED,V0;V1;V2;V3;V4_AS_DECLARED_BY_SOURCE_AND_METHOD,T1;T2;T3;T4_AS_DECLARED_BY_SOURCE,OWNER_HANDOFF_REQUIRED_WHEN_SOURCE_OWNER_DIFFERS,false,Subtype is a skill-governance binding label and does not extend ontology v2.0.
BIND-032,corrim-ilap-airspace-bridge,INPUT,MEASUREMENT,PROXIMITY_MEASUREMENT,SKILL_GOVERNANCE_SUBTYPE,DECLARED_SOURCE_OWNER,REQUIRED_OR_TASK_SCOPED,V0;V1;V2;V3;V4_AS_DECLARED_BY_SOURCE_AND_METHOD,T1;T2;T3;T4_AS_DECLARED_BY_SOURCE,OWNER_HANDOFF_REQUIRED_WHEN_SOURCE_OWNER_DIFFERS,false,Subtype is a skill-governance binding label and does not extend ontology v2.0.
BIND-033,corrim-ilap-airspace-bridge,OUTPUT,ASSOCIATION,ILAP,ONTOLOGY_CANONICAL,CORRIM,REQUIRED_OR_TASK_SCOPED,V0;V1;V2;V3;V4_AS_DECLARED_BY_SOURCE_AND_METHOD,T1;T2;T3;T4_AS_DECLARED_BY_SOURCE,HANDOFF_REQUIRED_BEFORE_ANOTHER_OWNER_INTERPRETS,false,
BIND-034,repo-native-visual-calibration-orchestrator,INPUT,SOURCE_ARTIFACT,CALIBRATION_INPUT_BUNDLE,SKILL_GOVERNANCE_SUBTYPE,DECLARED_SOURCE_OWNER,REQUIRED_OR_TASK_SCOPED,V0;V1;V2;V3;V4_AS_DECLARED_BY_SOURCE_AND_METHOD,T1;T2;T3;T4_AS_DECLARED_BY_SOURCE,OWNER_HANDOFF_REQUIRED_WHEN_SOURCE_OWNER_DIFFERS,false,Subtype is a skill-governance binding label and does not extend ontology v2.0.
BIND-035,repo-native-visual-calibration-orchestrator,OUTPUT,NONE_DIRECT_ANALYTICAL,GOVERNANCE_RECEIPT_AND_HANDOFFS_ONLY,SKILL_GOVERNANCE_SUBTYPE,SKYWATCHER_ORCHESTRATION,REQUIRED_OR_TASK_SCOPED,V0;V1;V2;V3;V4_AS_DECLARED_BY_SOURCE_AND_METHOD,T1;T2;T3;T4_AS_DECLARED_BY_SOURCE,HANDOFF_REQUIRED_BEFORE_ANOTHER_OWNER_INTERPRETS,false,NONE_DIRECT_ANALYTICAL denotes governance-only behavior and is not an ontology evidence object. Subtype is a skill-governance binding label and does not extend ontology v2.0.
BIND-036,legacy-integrated-track-visual-analysis-engine,INPUT,SOURCE_ARTIFACT,LEGACY_INTEGRATED_INPUT,SKILL_GOVERNANCE_SUBTYPE,DECLARED_SOURCE_OWNER,REQUIRED_OR_TASK_SCOPED,V0;V1;V2;V3;V4_AS_DECLARED_BY_SOURCE_AND_METHOD,T1;T2;T3;T4_AS_DECLARED_BY_SOURCE,OWNER_HANDOFF_REQUIRED_WHEN_SOURCE_OWNER_DIFFERS,false,Subtype is a skill-governance binding label and does not extend ontology v2.0.
BIND-037,legacy-integrated-track-visual-analysis-engine,OUTPUT,SOURCE_ARTIFACT,LEGACY_INTEGRATED_OUTPUT,SKILL_GOVERNANCE_SUBTYPE,LEGACY,REQUIRED_OR_TASK_SCOPED,V0;V1;V2;V3;V4_AS_DECLARED_BY_SOURCE_AND_METHOD,T1;T2;T3;T4_AS_DECLARED_BY_SOURCE,HANDOFF_REQUIRED_BEFORE_ANOTHER_OWNER_INTERPRETS,false,Subtype is a skill-governance binding label and does not extend ontology v2.0.
BIND-038,satim-imagery-evidence-analyzer,INPUT,SOURCE_ARTIFACT,IMAGERY_SOURCE,SKILL_GOVERNANCE_SUBTYPE,DECLARED_SOURCE_OWNER,REQUIRED_OR_TASK_SCOPED,V0;V1;V2;V3;V4_AS_DECLARED_BY_SOURCE_AND_METHOD,T1;T2;T3;T4_AS_DECLARED_BY_SOURCE,OWNER_HANDOFF_REQUIRED_WHEN_SOURCE_OWNER_DIFFERS,false,Subtype is a skill-governance binding label and does not extend ontology v2.0.
BIND-039,satim-imagery-evidence-analyzer,INPUT,EXTRACTED_OBSERVABLE,LOCALIZED_IMAGE_REGION,SKILL_GOVERNANCE_SUBTYPE,DECLARED_SOURCE_OWNER,REQUIRED_OR_TASK_SCOPED,V0;V1;V2;V3;V4_AS_DECLARED_BY_SOURCE_AND_METHOD,T1;T2;T3;T4_AS_DECLARED_BY_SOURCE,OWNER_HANDOFF_REQUIRED_WHEN_SOURCE_OWNER_DIFFERS,false,Subtype is a skill-governance binding label and does not extend ontology v2.0.
BIND-040,satim-imagery-evidence-analyzer,OUTPUT,OBSERVATION,IMAGERY_FEATURE_OBSERVATION,SKILL_GOVERNANCE_SUBTYPE,SATIM,REQUIRED_OR_TASK_SCOPED,V0;V1;V2;V3;V4_AS_DECLARED_BY_SOURCE_AND_METHOD,T1;T2;T3;T4_AS_DECLARED_BY_SOURCE,HANDOFF_REQUIRED_BEFORE_ANOTHER_OWNER_INTERPRETS,false,Subtype is a skill-governance binding label and does not extend ontology v2.0.
BIND-041,satim-imagery-evidence-analyzer,OUTPUT,MEASUREMENT,IMAGERY_FEATURE_MEASUREMENT,SKILL_GOVERNANCE_SUBTYPE,SATIM,REQUIRED_OR_TASK_SCOPED,V0;V1;V2;V3;V4_AS_DECLARED_BY_SOURCE_AND_METHOD,T1;T2;T3;T4_AS_DECLARED_BY_SOURCE,HANDOFF_REQUIRED_BEFORE_ANOTHER_OWNER_INTERPRETS,false,Subtype is a skill-governance binding label and does not extend ontology v2.0.
BIND-042,satim-imagery-evidence-analyzer,OUTPUT,FINDING,STRUCTURAL_FEATURE_CANDIDATE,ONTOLOGY_CANONICAL,SATIM,REQUIRED_OR_TASK_SCOPED,V0;V1;V2;V3;V4_AS_DECLARED_BY_SOURCE_AND_METHOD,T1;T2;T3;T4_AS_DECLARED_BY_SOURCE,HANDOFF_REQUIRED_BEFORE_ANOTHER_OWNER_INTERPRETS,false,
BIND-043,fpim-flight-path-evidence-analyzer,INPUT,OBSERVATION,AIRCRAFT_POSITION_OBSERVATION,SKILL_GOVERNANCE_SUBTYPE,DECLARED_SOURCE_OWNER,REQUIRED_OR_TASK_SCOPED,V0;V1;V2;V3;V4_AS_DECLARED_BY_SOURCE_AND_METHOD,T1;T2;T3;T4_AS_DECLARED_BY_SOURCE,OWNER_HANDOFF_REQUIRED_WHEN_SOURCE_OWNER_DIFFERS,false,Subtype is a skill-governance binding label and does not extend ontology v2.0.
BIND-044,fpim-flight-path-evidence-analyzer,INPUT,EXTRACTED_OBSERVABLE,SOURCE_OVERLAY_TRACK_LINE,ONTOLOGY_CANONICAL,DECLARED_SOURCE_OWNER,REQUIRED_OR_TASK_SCOPED,V0;V1;V2;V3;V4_AS_DECLARED_BY_SOURCE_AND_METHOD,T1;T2;T3;T4_AS_DECLARED_BY_SOURCE,OWNER_HANDOFF_REQUIRED_WHEN_SOURCE_OWNER_DIFFERS,false,
BIND-045,fpim-flight-path-evidence-analyzer,OUTPUT,MEASUREMENT,TRACK_GEOMETRY_MEASUREMENT,SKILL_GOVERNANCE_SUBTYPE,FPIM,REQUIRED_OR_TASK_SCOPED,V0;V1;V2;V3;V4_AS_DECLARED_BY_SOURCE_AND_METHOD,T1;T2;T3;T4_AS_DECLARED_BY_SOURCE,HANDOFF_REQUIRED_BEFORE_ANOTHER_OWNER_INTERPRETS,false,Subtype is a skill-governance binding label and does not extend ontology v2.0.
BIND-046,fpim-flight-path-evidence-analyzer,OUTPUT,MEASUREMENT,ROUTE_RECURRENCE_MEASUREMENT,SKILL_GOVERNANCE_SUBTYPE,FPIM,REQUIRED_OR_TASK_SCOPED,V0;V1;V2;V3;V4_AS_DECLARED_BY_SOURCE_AND_METHOD,T1;T2;T3;T4_AS_DECLARED_BY_SOURCE,HANDOFF_REQUIRED_BEFORE_ANOTHER_OWNER_INTERPRETS,false,Subtype is a skill-governance binding label and does not extend ontology v2.0.
BIND-047,fpim-flight-path-evidence-analyzer,OUTPUT,FINDING,FPIM_ROUTE_GEOMETRY_FINDING,SKILL_GOVERNANCE_SUBTYPE,FPIM,REQUIRED_OR_TASK_SCOPED,V0;V1;V2;V3;V4_AS_DECLARED_BY_SOURCE_AND_METHOD,T1;T2;T3;T4_AS_DECLARED_BY_SOURCE,HANDOFF_REQUIRED_BEFORE_ANOTHER_OWNER_INTERPRETS,false,Subtype is a skill-governance binding label and does not extend ontology v2.0.
BIND-048,fpim-flight-path-evidence-analyzer,OUTPUT,FINDING,CORRIDOR_FOLLOWING,ONTOLOGY_CANONICAL,FPIM,REQUIRED_OR_TASK_SCOPED,V0;V1;V2;V3;V4_AS_DECLARED_BY_SOURCE_AND_METHOD,T1;T2;T3;T4_AS_DECLARED_BY_SOURCE,HANDOFF_REQUIRED_BEFORE_ANOTHER_OWNER_INTERPRETS,false,
BIND-049,fpim-flight-path-evidence-analyzer,OUTPUT,FINDING,TRACK_TERMINATION_EVENT_CANDIDATE,SKILL_GOVERNANCE_SUBTYPE,FPIM,REQUIRED_OR_TASK_SCOPED,V0;V1;V2;V3;V4_AS_DECLARED_BY_SOURCE_AND_METHOD,T1;T2;T3;T4_AS_DECLARED_BY_SOURCE,HANDOFF_REQUIRED_BEFORE_ANOTHER_OWNER_INTERPRETS,false,Subtype is a skill-governance binding label and does not extend ontology v2.0.
BIND-050,corrim-flight-gis-association-analyzer,INPUT,FINDING,SATIM_IMAGERY_FINDING,SKILL_GOVERNANCE_SUBTYPE,DECLARED_SOURCE_OWNER,REQUIRED_OR_TASK_SCOPED,V0;V1;V2;V3;V4_AS_DECLARED_BY_SOURCE_AND_METHOD,T1;T2;T3;T4_AS_DECLARED_BY_SOURCE,OWNER_HANDOFF_REQUIRED_WHEN_SOURCE_OWNER_DIFFERS,false,Subtype is a skill-governance binding label and does not extend ontology v2.0.
BIND-051,corrim-flight-gis-association-analyzer,INPUT,FINDING,FPIM_FLIGHT_PATH_FINDING,SKILL_GOVERNANCE_SUBTYPE,DECLARED_SOURCE_OWNER,REQUIRED_OR_TASK_SCOPED,V0;V1;V2;V3;V4_AS_DECLARED_BY_SOURCE_AND_METHOD,T1;T2;T3;T4_AS_DECLARED_BY_SOURCE,OWNER_HANDOFF_REQUIRED_WHEN_SOURCE_OWNER_DIFFERS,false,Subtype is a skill-governance binding label and does not extend ontology v2.0.
BIND-052,corrim-flight-gis-association-analyzer,INPUT,SOURCE_ARTIFACT,GIS_REFERENCE,SKILL_GOVERNANCE_SUBTYPE,DECLARED_SOURCE_OWNER,REQUIRED_OR_TASK_SCOPED,V0;V1;V2;V3;V4_AS_DECLARED_BY_SOURCE_AND_METHOD,T1;T2;T3;T4_AS_DECLARED_BY_SOURCE,OWNER_HANDOFF_REQUIRED_WHEN_SOURCE_OWNER_DIFFERS,false,Subtype is a skill-governance binding label and does not extend ontology v2.0.
BIND-053,corrim-flight-gis-association-analyzer,OUTPUT,ASSOCIATION,FLIGHT_GIS_ASSOCIATION,SKILL_GOVERNANCE_SUBTYPE,CORRIM,REQUIRED_OR_TASK_SCOPED,V0;V1;V2;V3;V4_AS_DECLARED_BY_SOURCE_AND_METHOD,T1;T2;T3;T4_AS_DECLARED_BY_SOURCE,HANDOFF_REQUIRED_BEFORE_ANOTHER_OWNER_INTERPRETS,false,Subtype is a skill-governance binding label and does not extend ontology v2.0.
BIND-054,skywatcher-airspace-evidence-assembler,INPUT,SOURCE_ARTIFACT,EVIDENCE_SOURCE_ARTIFACT,SKILL_GOVERNANCE_SUBTYPE,DECLARED_SOURCE_OWNER,REQUIRED_OR_TASK_SCOPED,V0;V1;V2;V3;V4_AS_DECLARED_BY_SOURCE_AND_METHOD,T1;T2;T3;T4_AS_DECLARED_BY_SOURCE,OWNER_HANDOFF_REQUIRED_WHEN_SOURCE_OWNER_DIFFERS,false,Subtype is a skill-governance binding label and does not extend ontology v2.0.
BIND-055,skywatcher-airspace-evidence-assembler,INPUT,OBSERVATION,OWNER_QUALIFIED_OBSERVATION,SKILL_GOVERNANCE_SUBTYPE,DECLARED_SOURCE_OWNER,REQUIRED_OR_TASK_SCOPED,V0;V1;V2;V3;V4_AS_DECLARED_BY_SOURCE_AND_METHOD,T1;T2;T3;T4_AS_DECLARED_BY_SOURCE,OWNER_HANDOFF_REQUIRED_WHEN_SOURCE_OWNER_DIFFERS,false,Subtype is a skill-governance binding label and does not extend ontology v2.0.
BIND-056,skywatcher-airspace-evidence-assembler,INPUT,MEASUREMENT,OWNER_QUALIFIED_MEASUREMENT,SKILL_GOVERNANCE_SUBTYPE,DECLARED_SOURCE_OWNER,REQUIRED_OR_TASK_SCOPED,V0;V1;V2;V3;V4_AS_DECLARED_BY_SOURCE_AND_METHOD,T1;T2;T3;T4_AS_DECLARED_BY_SOURCE,OWNER_HANDOFF_REQUIRED_WHEN_SOURCE_OWNER_DIFFERS,false,Subtype is a skill-governance binding label and does not extend ontology v2.0.
BIND-057,skywatcher-airspace-evidence-assembler,INPUT,FINDING,OWNER_QUALIFIED_FINDING,SKILL_GOVERNANCE_SUBTYPE,DECLARED_SOURCE_OWNER,REQUIRED_OR_TASK_SCOPED,V0;V1;V2;V3;V4_AS_DECLARED_BY_SOURCE_AND_METHOD,T1;T2;T3;T4_AS_DECLARED_BY_SOURCE,OWNER_HANDOFF_REQUIRED_WHEN_SOURCE_OWNER_DIFFERS,false,Subtype is a skill-governance binding label and does not extend ontology v2.0.
BIND-058,skywatcher-airspace-evidence-assembler,INPUT,ASSOCIATION,OWNER_QUALIFIED_ASSOCIATION,SKILL_GOVERNANCE_SUBTYPE,DECLARED_SOURCE_OWNER,REQUIRED_OR_TASK_SCOPED,V0;V1;V2;V3;V4_AS_DECLARED_BY_SOURCE_AND_METHOD,T1;T2;T3;T4_AS_DECLARED_BY_SOURCE,OWNER_HANDOFF_REQUIRED_WHEN_SOURCE_OWNER_DIFFERS,false,Subtype is a skill-governance binding label and does not extend ontology v2.0.
BIND-059,skywatcher-airspace-evidence-assembler,OUTPUT,SOURCE_ARTIFACT,AIRSPACE_EVIDENCE_PACKAGE,SKILL_GOVERNANCE_SUBTYPE,SKYWATCHER_ORCHESTRATION,REQUIRED_OR_TASK_SCOPED,V0;V1;V2;V3;V4_AS_DECLARED_BY_SOURCE_AND_METHOD,T1;T2;T3;T4_AS_DECLARED_BY_SOURCE,HANDOFF_REQUIRED_BEFORE_ANOTHER_OWNER_INTERPRETS,false,Subtype is a skill-governance binding label and does not extend ontology v2.0.
BIND-060,skywatcher-governed-execution-orchestrator,INPUT,NONE_DIRECT_ANALYTICAL,ROUTING_REFERENCES_ONLY,SKILL_GOVERNANCE_SUBTYPE,DECLARED_SOURCE_OWNER,REQUIRED_OR_TASK_SCOPED,V0;V1;V2;V3;V4_AS_DECLARED_BY_SOURCE_AND_METHOD,T1;T2;T3;T4_AS_DECLARED_BY_SOURCE,OWNER_HANDOFF_REQUIRED_WHEN_SOURCE_OWNER_DIFFERS,false,NONE_DIRECT_ANALYTICAL denotes governance-only behavior and is not an ontology evidence object. Subtype is a skill-governance binding label and does not extend ontology v2.0.
BIND-061,skywatcher-governed-execution-orchestrator,OUTPUT,NONE_DIRECT_ANALYTICAL,GOVERNANCE_RECEIPT_AND_HANDOFFS_ONLY,SKILL_GOVERNANCE_SUBTYPE,SKYWATCHER_ORCHESTRATION,REQUIRED_OR_TASK_SCOPED,V0;V1;V2;V3;V4_AS_DECLARED_BY_SOURCE_AND_METHOD,T1;T2;T3;T4_AS_DECLARED_BY_SOURCE,HANDOFF_REQUIRED_BEFORE_ANOTHER_OWNER_INTERPRETS,false,NONE_DIRECT_ANALYTICAL denotes governance-only behavior and is not an ontology evidence object. Subtype is a skill-governance binding label and does not extend ontology v2.0.
BIND-062,core-skywatcher-readiness-auditor,INPUT,SOURCE_ARTIFACT,GOVERNANCE_PACKAGE,SKILL_GOVERNANCE_SUBTYPE,DECLARED_SOURCE_OWNER,REQUIRED_OR_TASK_SCOPED,V0;V1;V2;V3;V4_AS_DECLARED_BY_SOURCE_AND_METHOD,T1;T2;T3;T4_AS_DECLARED_BY_SOURCE,OWNER_HANDOFF_REQUIRED_WHEN_SOURCE_OWNER_DIFFERS,false,Subtype is a skill-governance binding label and does not extend ontology v2.0.
BIND-063,core-skywatcher-readiness-auditor,INPUT,SOURCE_ARTIFACT,EXECUTION_RECEIPT_SET,SKILL_GOVERNANCE_SUBTYPE,DECLARED_SOURCE_OWNER,REQUIRED_OR_TASK_SCOPED,V0;V1;V2;V3;V4_AS_DECLARED_BY_SOURCE_AND_METHOD,T1;T2;T3;T4_AS_DECLARED_BY_SOURCE,OWNER_HANDOFF_REQUIRED_WHEN_SOURCE_OWNER_DIFFERS,false,Subtype is a skill-governance binding label and does not extend ontology v2.0.
BIND-064,core-skywatcher-readiness-auditor,OUTPUT,NONE_DIRECT_ANALYTICAL,GOVERNANCE_AUDIT_RECEIPT_ONLY,SKILL_GOVERNANCE_SUBTYPE,CORE_GOVERNANCE,REQUIRED_OR_TASK_SCOPED,V0;V1;V2;V3;V4_AS_DECLARED_BY_SOURCE_AND_METHOD,T1;T2;T3;T4_AS_DECLARED_BY_SOURCE,HANDOFF_REQUIRED_BEFORE_ANOTHER_OWNER_INTERPRETS,false,NONE_DIRECT_ANALYTICAL denotes governance-only behavior and is not an ontology evidence object. Subtype is a skill-governance binding label and does not extend ontology v2.0.
BIND-065,meta-skywatcher-skill-package-template,INPUT,NONE_DIRECT_ANALYTICAL,SKILL_DESIGN_INPUTS_ONLY,SKILL_GOVERNANCE_SUBTYPE,DECLARED_SOURCE_OWNER,REQUIRED_OR_TASK_SCOPED,V0;V1;V2;V3;V4_AS_DECLARED_BY_SOURCE_AND_METHOD,T1;T2;T3;T4_AS_DECLARED_BY_SOURCE,OWNER_HANDOFF_REQUIRED_WHEN_SOURCE_OWNER_DIFFERS,false,NONE_DIRECT_ANALYTICAL denotes governance-only behavior and is not an ontology evidence object. Subtype is a skill-governance binding label and does not extend ontology v2.0.
BIND-066,meta-skywatcher-skill-package-template,OUTPUT,NONE_DIRECT_ANALYTICAL,SKILL_SPECIFICATION_ARTIFACT_ONLY,SKILL_GOVERNANCE_SUBTYPE,META_GOVERNANCE,REQUIRED_OR_TASK_SCOPED,V0;V1;V2;V3;V4_AS_DECLARED_BY_SOURCE_AND_METHOD,T1;T2;T3;T4_AS_DECLARED_BY_SOURCE,HANDOFF_REQUIRED_BEFORE_ANOTHER_OWNER_INTERPRETS,false,NONE_DIRECT_ANALYTICAL denotes governance-only behavior and is not an ontology evidence object. Subtype is a skill-governance binding label and does not extend ontology v2.0.
BIND-067,satim-terrain-feature-candidate-ranker,INPUT,OBSERVATION,TERRAIN_FEATURE_OBSERVATION,SKILL_GOVERNANCE_SUBTYPE,DECLARED_SOURCE_OWNER,REQUIRED_OR_TASK_SCOPED,V0;V1;V2;V3;V4_AS_DECLARED_BY_SOURCE_AND_METHOD,T1;T2;T3;T4_AS_DECLARED_BY_SOURCE,OWNER_HANDOFF_REQUIRED_WHEN_SOURCE_OWNER_DIFFERS,false,Subtype is a skill-governance binding label and does not extend ontology v2.0.
BIND-068,satim-terrain-feature-candidate-ranker,INPUT,MEASUREMENT,TERRAIN_FEATURE_MEASUREMENT,SKILL_GOVERNANCE_SUBTYPE,DECLARED_SOURCE_OWNER,REQUIRED_OR_TASK_SCOPED,V0;V1;V2;V3;V4_AS_DECLARED_BY_SOURCE_AND_METHOD,T1;T2;T3;T4_AS_DECLARED_BY_SOURCE,OWNER_HANDOFF_REQUIRED_WHEN_SOURCE_OWNER_DIFFERS,false,Subtype is a skill-governance binding label and does not extend ontology v2.0.
BIND-069,satim-terrain-feature-candidate-ranker,INPUT,FINDING,STRUCTURAL_FEATURE_CANDIDATE,ONTOLOGY_CANONICAL,DECLARED_SOURCE_OWNER,REQUIRED_OR_TASK_SCOPED,V0;V1;V2;V3;V4_AS_DECLARED_BY_SOURCE_AND_METHOD,T1;T2;T3;T4_AS_DECLARED_BY_SOURCE,OWNER_HANDOFF_REQUIRED_WHEN_SOURCE_OWNER_DIFFERS,false,
BIND-070,satim-terrain-feature-candidate-ranker,OUTPUT,FINDING,TERRAIN_FEATURE_CANDIDATE_RANKING,SKILL_GOVERNANCE_SUBTYPE,SATIM,REQUIRED_OR_TASK_SCOPED,V0;V1;V2;V3;V4_AS_DECLARED_BY_SOURCE_AND_METHOD,T1;T2;T3;T4_AS_DECLARED_BY_SOURCE,HANDOFF_REQUIRED_BEFORE_ANOTHER_OWNER_INTERPRETS,false,Subtype is a skill-governance binding label and does not extend ontology v2.0.
BIND-071,fpim-track-termination-event-classifier,INPUT,OBSERVATION,AIRCRAFT_POSITION_OBSERVATION,SKILL_GOVERNANCE_SUBTYPE,DECLARED_SOURCE_OWNER,REQUIRED_OR_TASK_SCOPED,V0;V1;V2;V3;V4_AS_DECLARED_BY_SOURCE_AND_METHOD,T1;T2;T3;T4_AS_DECLARED_BY_SOURCE,OWNER_HANDOFF_REQUIRED_WHEN_SOURCE_OWNER_DIFFERS,false,Subtype is a skill-governance binding label and does not extend ontology v2.0.
BIND-072,fpim-track-termination-event-classifier,INPUT,MEASUREMENT,TRACK_GEOMETRY_MEASUREMENT,SKILL_GOVERNANCE_SUBTYPE,DECLARED_SOURCE_OWNER,REQUIRED_OR_TASK_SCOPED,V0;V1;V2;V3;V4_AS_DECLARED_BY_SOURCE_AND_METHOD,T1;T2;T3;T4_AS_DECLARED_BY_SOURCE,OWNER_HANDOFF_REQUIRED_WHEN_SOURCE_OWNER_DIFFERS,false,Subtype is a skill-governance binding label and does not extend ontology v2.0.
BIND-073,fpim-track-termination-event-classifier,OUTPUT,FINDING,TRACK_TERMINATION_EVENT_CANDIDATE,SKILL_GOVERNANCE_SUBTYPE,FPIM,REQUIRED_OR_TASK_SCOPED,V0;V1;V2;V3;V4_AS_DECLARED_BY_SOURCE_AND_METHOD,T1;T2;T3;T4_AS_DECLARED_BY_SOURCE,HANDOFF_REQUIRED_BEFORE_ANOTHER_OWNER_INTERPRETS,false,Subtype is a skill-governance binding label and does not extend ontology v2.0.
BIND-074,fpim-track-termination-event-classifier,OUTPUT,FINDING,LANDING_CANDIDATE,ONTOLOGY_CANONICAL,FPIM,REQUIRED_OR_TASK_SCOPED,V0;V1;V2;V3;V4_AS_DECLARED_BY_SOURCE_AND_METHOD,T1;T2;T3;T4_AS_DECLARED_BY_SOURCE,HANDOFF_REQUIRED_BEFORE_ANOTHER_OWNER_INTERPRETS,false,
